No,filepath,folder1,folder2,folder3,folder4,folder5,folder6,folder7,folder8,file_name
1,demo/mvnw:,demo,-,-,-,-,-,-,-,mvnw:
2,demo/.git/hooks/pre-rebase.sample:,demo,.git,hooks,-,-,-,-,-,pre-rebase.sample:
3,demo/src/main/java/com/example/demo/DemoApplication.java:,demo,src,main,java,com,example,demo,,DemoApplication.java:
4,demo/src/main/java/com/example/demo/aspect/LoggingAspect.java:,demo,src,main,java,com,example,demo,aspect,LoggingAspect.java:
5,demo/src/main/java/com/example/demo/config/SecurityConfig.java:,demo,src,main,java,com,example,demo,config,SecurityConfig.java:
6,demo/src/main/java/com/example/demo/config/WebConfig.java:,demo,src,main,java,com,example,demo,config,WebConfig.java:
7,demo/src/main/java/com/example/demo/controller/CustomControllerAdvice.java:,demo,src,main,java,com,example,demo,controller,CustomControllerAdvice.java:
8,demo/src/main/java/com/example/demo/controller/CustomHandlerInterceptor.java:,demo,src,main,java,com,example,demo,controller,CustomHandlerInterceptor.java:
9,demo/src/main/java/com/example/demo/controller/UserController.java:,demo,src,main,java,com,example,demo,controller,UserController.java:
10,demo/src/main/java/com/example/demo/entity/Users.java:,demo,src,main,java,com,example,demo,entity,Users.java:
11,demo/src/main/java/com/example/demo/listener/MyRequestListener.java:,demo,src,main,java,com,example,demo,listener,MyRequestListener.java:
12,demo/src/main/java/com/example/demo/mapper/UserMapper.java:,demo,src,main,java,com,example,demo,mapper,UserMapper.java:
13,demo/src/main/java/com/example/demo/service/GreetingService.java:,demo,src,main,java,com,example,demo,service,GreetingService.java:
14,demo/src/main/java/com/example/demo/service/UserService.java:,demo,src,main,java,com,example,demo,service,UserService.java:
15,demo/src/main/java/com/example/demo/servlet/CustomFilter.java:,demo,src,main,java,com,example,demo,servlet,CustomFilter.java:
16,demo/src/main/java/com/example/demo/servlet/CustomFilterWithDI.java:,demo,src,main,java,com,example,demo,servlet,CustomFilterWithDI.java:
17,demo/src/main/java/com/example/demo/servlet/CustomServletRequestListener.java:,demo,src,main,java,com,example,demo,servlet,CustomServletRequestListener.java:
18,demo/src/main/java/com/example/demo/servlet/CustomServletRequestListenerWithDI.java:,demo,src,main,java,com,example,demo,servlet,CustomServletRequestListenerWithDI.java:
19,demo/src/main/resources/mapper/UserMapper.xml:,demo,src,main,resources,mapper,-,-,-,UserMapper.xml: